x1,x2,pdf
-2.0,-2.0,0.9999999999999782
-1.9000000000000001,-2.0,0.9999999999998656
-1.8,-2.0,0.9999999999992227
-1.7000000000000002,-2.0,0.999999999995809
-1.6,-2.0,0.9999999999789763
-1.5,-2.0,0.9999999999019401
-1.4000000000000001,-2.0,0.9999999995747874
-1.3,-2.0,0.9999999982857051
-1.2000000000000002,-2.0,0.9999999935732046
-1.1,-2.0,0.9999999775917658
-1.0,-2.0,0.9999999273226947
-0.9,-2.0,0.999999780700946
-0.8,-2.0,0.9999993842795826
-0.7000000000000001,-2.0,0.9999983912287075
-0.6000000000000001,-2.0,0.9999960878336689
-0.5,-2.0,0.9999911448799758
-0.4,-2.0,0.9999813421458974
-0.30000000000000004,-2.0,0.9999634026520711
-0.2,-2.0,0.9999331680560668
-0.1,-2.0,0.9998863715205104
0.0,-2.0,0.9998201218766001
0.1,-2.0,0.9997348597314099
0.2,-2.0,0.9996360872040603
0.30000000000000004,-2.0,0.9995348831470509
0.4,-2.0,0.999446408378834
0.5,-2.0,0.9993863801779032
0.6000000000000001,-2.0,0.9993665514809581
0.7000000000000001,-2.0,0.9993909592491914
0.8,-2.0,0.9994545779700612
0.9,-2.0,0.9995449906736644
1.0,-2.0,0.9996463171714001
1.1,-2.0,0.9997437002079334
1.2000000000000002,-2.0,0.9998266334063594
1.3,-2.0,0.9998902125536885
1.4000000000000001,-2.0,0.9999344413642249
1.5,-2.0,0.9999624369421676
1.6,-2.0,0.9999785066384126
1.7000000000000002,-2.0,0.9999867433282368
1.8,-2.0,0.9999903297393723
1.9000000000000001,-2.0,0.9999914123068506
-2.0,-1.9000000000000001,0.9999999999999452
-1.9000000000000001,-1.9000000000000001,0.9999999999996461
-1.8,-1.9000000000000001,0.9999999999978639
-1.7000000000000002,-1.9000000000000001,0.9999999999880148
-1.6,-1.9000000000000001,0.9999999999376291
-1.5,-1.9000000000000001,0.9999999996991599
-1.4000000000000001,-1.9000000000000001,0.9999999986551774
-1.3,-1.9000000000000001,0.9999999944275985
-1.2000000000000002,-1.9000000000000001,0.9999999785910836
-1.1,-1.9000000000000001,0.9999999237091322
-1.0,-1.9000000000000001,0.9999997477474819
-0.9,-1.9000000000000001,0.9999992258178605
-0.8,-1.9000000000000001,0.9999977937749054
-0.7000000000000001,-1.9000000000000001,0.9999941601560327
-0.6000000000000001,-1.9000000000000001,0.9999856374252867
-0.5,-1.9000000000000001,0.9999671703973344
-0.4,-1.9000000000000001,0.9999302393063637
-0.30000000000000004,-1.9000000000000001,0.9998621635363308
-0.2,-1.9000000000000001,0.9997467150216839
-0.1,-1.9000000000000001,0.9995670677220657
0.0,-1.9000000000000001,0.9993115669512935
0.1,-1.9000000000000001,0.9989814141419578
0.2,-1.9000000000000001,0.9985975361468974
0.30000000000000004,-1.9000000000000001,0.9982027410502295
0.4,-1.9000000000000001,0.9978560086096245
0.5,-1.9000000000000001,0.9976188081074503
0.6000000000000001,-1.9000000000000001,0.997537468471316
0.7000000000000001,-1.9000000000000001,0.997628457685749
0.8,-1.9000000000000001,0.9978729381596392
0.9,-1.9000000000000001,0.9982230403165891
1.0,-1.9000000000000001,0.9986170116004726
1.1,-1.9000000000000001,0.9989967127925371
1.2000000000000002,-1.9000000000000001,0.9993207548934087
1.3,-1.9000000000000001,0.9995695830439808
1.4000000000000001,-1.9000000000000001,0.9997429074062517
1.5,-1.9000000000000001,0.9998527394714126
1.6,-1.9000000000000001,0.9999158542375792
1.7000000000000002,-1.9000000000000001,0.9999482527005082
1.8,-1.9000000000000001,0.9999624021584455
1.9000000000000001,-1.9000000000000001,0.9999667198712313
-2.0,-1.8,0.9999999999999039
-1.9000000000000001,-1.8,0.9999999999993521
-1.8,-1.8,0.999999999995914
-1.7000000000000002,-1.8,0.9999999999760337
-1.6,-1.8,0.9999999998695995
-1.5,-1.8,0.9999999993426645
-1.4000000000000001,-1.8,0.9999999969319745
-1.3,-1.8,0.9999999867454582
-1.2000000000000002,-1.8,0.999999947002453
-1.1,-1.8,0.9999998038719595
-1.0,-1.8,0.9999993281570213
-0.9,-1.8,0.9999978692777031
-0.8,-1.8,0.999993742048631
-0.7000000000000001,-1.8,0.9999829736873156
-0.6000000000000001,-1.8,0.999957071745872
-0.5,-1.8,0.9998996637182906
-0.4,-1.8,0.9997825184004576
-0.30000000000000004,-1.8,0.9995626914532278
-0.2,-1.8,0.9991839893614474
-0.1,-1.8,0.9985865549685278
0.0,-1.8,0.9977266419763291
0.1,-1.8,0.9966037375128368
0.2,-1.8,0.9952854934828912
0.30000000000000004,-1.8,0.9939165170832354
0.4,-1.8,0.9926996464543519
0.5,-1.8,0.9918491792896995
0.6000000000000001,-1.8,0.9915299504925462
0.7000000000000001,-1.8,0.9918057198939019
0.8,-1.8,0.9926186001878368
0.9,-1.8,0.9938083602846945
1.0,-1.8,0.9951630044312694
1.1,-1.8,0.9964791916428049
1.2000000000000002,-1.8,0.9976092782142523
1.3,-1.8,0.9984810621019113
1.4000000000000001,-1.8,0.9990903811041507
1.5,-1.8,0.9994773857692197
1.6,-1.8,0.9997000287348093
1.7000000000000002,-1.8,0.9998142437437095
1.8,-1.8,0.9998638839123993
1.9000000000000001,-1.8,0.9998786740722648
-2.0,-1.7000000000000002,0.9999999999998519
-1.9000000000000001,-1.7000000000000002,0.9999999999989813
-1.8,-1.7000000000000002,0.9999999999934189
-1.7000000000000002,-1.7000000000000002,0.9999999999603624
-1.6,-1.7000000000000002,0.9999999997780569
-1.5,-1.7000000000000002,0.9999999988463869
-1.4000000000000001,-1.7000000000000002,0.9999999944385847
-1.3,-1.7000000000000002,0.9999999751482987
-1.2000000000000002,-1.7000000000000002,0.999999897110556
-1.1,-1.7000000000000002,0.9999996054832351
-1.0,-1.7000000000000002,0.9999985994214023
-0.9,-1.7000000000000002,0.9999953974850343
-0.8,-1.7000000000000002,0.9999860022254039
-0.7000000000000001,-1.7000000000000002,0.9999606031331826
-0.6000000000000001,-1.7000000000000002,0.9998973883165946
-0.5,-1.7000000000000002,0.999752666021095
-0.4,-1.7000000000000002,0.9994482272556663
-0.30000000000000004,-1.7000000000000002,0.9988606063808729
-0.2,-1.7000000000000002,0.9978219019611333
-0.1,-1.7000000000000002,0.9961449074973524
0.0,-1.7000000000000002,0.9936811314013754
0.1,-1.7000000000000002,0.9904049949183891
0.2,-1.7000000000000002,0.9864948718981131
0.30000000000000004,-1.7000000000000002,0.9823660184531675
0.4,-1.7000000000000002,0.9786188241986561
0.5,-1.7000000000000002,0.9759013549640683
0.6000000000000001,-1.7000000000000002,0.9747291182492044
0.7000000000000001,-1.7000000000000002,0.9753300837894618
0.8,-1.7000000000000002,0.9775753234110928
0.9,-1.7000000000000002,0.981021504917241
1.0,-1.7000000000000002,0.9850475205262234
1.1,-1.7000000000000002,0.9890313260644992
1.2000000000000002,-1.7000000000000002,0.9925001368892985
1.3,-1.7000000000000002,0.9952050547283116
1.4000000000000001,-1.7000000000000002,0.9971106615120797
1.5,-1.7000000000000002,0.998327355342535
1.6,-1.7000000000000002,0.9990288890957557
1.7000000000000002,-1.7000000000000002,0.9993879023769631
1.8,-1.7000000000000002,0.9995417829368792
1.9000000000000001,-1.7000000000000002,0.9995845287823614
-2.0,-1.6,0.9999999999997635
-1.9000000000000001,-1.6,0.9999999999983611
-1.8,-1.6,0.9999999999893111
-1.7000000000000002,-1.6,0.9999999999348718
-1.6,-1.6,0.9999999996304448
-1.5,-1.6,0.9999999980501733
-1.4000000000000001,-1.6,0.9999999904426307
-1.3,-1.6,0.9999999565047001
-1.2000000000000002,-1.6,0.999999816306984
-1.1,-1.6,0.9999992803937526
-1.0,-1.6,0.9999973862416227
-0.9,-1.6,0.9999912010922489
-0.8,-1.6,0.9999725578224163
-0.7000000000000001,-1.6,0.9999207355268286
-0.6000000000000001,-1.6,0.999788036403879
-0.5,-1.6,0.9994754071665122
-0.4,-1.6,0.9987988136321504
-0.30000000000000004,-1.6,0.99745636017958
-0.2,-1.6,0.995020709788227
-0.1,-1.6,0.9909934942823394
0.0,-1.6,0.9849515018106082
0.1,-1.6,0.9767724402965143
0.2,-1.6,0.9668588990761614
0.30000000000000004,-1.6,0.9562310734183667
0.4,-1.6,0.9463909551961417
0.5,-1.6,0.93897312852107
0.6000000000000001,-1.6,0.9353098262183481
0.7000000000000001,-1.6,0.9360698809609939
0.8,-1.6,0.9410837234931793
0.9,-1.6,0.9493965047563588
1.0,-1.6,0.9595315697688658
1.1,-1.6,0.9698883367161828
1.2000000000000002,-1.6,0.9791431102906726
1.3,-1.6,0.9865091346649898
1.4000000000000001,-1.6,0.9917780385763639
1.5,-1.6,0.9951758926212754
1.6,-1.6,0.9971432025138215
1.7000000000000002,-1.6,0.9981451888089502
1.8,-1.6,0.9985631693818504
1.9000000000000001,-1.6,0.998662635463112
-2.0,-1.5,0.9999999999995808
-1.9000000000000001,-1.5,0.9999999999970952
-1.8,-1.5,0.9999999999810059
-1.7000000000000002,-1.5,0.9999999998837814
-1.6,-1.5,0.9999999993370192
-1.5,-1.5,0.999999996479858
-1.4000000000000001,-1.5,0.9999999826196951
-1.3,-1.5,0.9999999202488563
-1.2000000000000002,-1.5,0.999999660062569
-1.1,-1.5,0.9999986545615625
-1.0,-1.5,0.9999950573880513
-0.9,-1.5,0.9999831538540929
-0.8,-1.5,0.9999467506199761
-0.7000000000000001,-1.5,0.9998439701334851
-0.6000000000000001,-1.5,0.999576385950347
-0.5,-1.5,0.9989349867977286
-0.4,-1.5,0.9975223056474369
-0.30000000000000004,-1.5,0.9946711095780567
-0.2,-1.5,0.9894171842178581
-0.1,-1.5,0.9806198228727149
0.0,-1.5,0.9673109943923549
0.1,-1.5,0.9492378216444015
0.2,-1.5,0.927365953171842
0.30000000000000004,-1.5,0.9040038032952606
0.4,-1.5,0.8823726780624389
0.5,-1.5,0.8657986861070712
0.6000000000000001,-1.5,0.8569050093883054
0.7000000000000001,-1.5,0.8570746084938489
0.8,-1.5,0.8662257366290625
0.9,-1.5,0.882841860188524
1.0,-1.5,0.9042473626525408
1.1,-1.5,0.927165579607019
1.2000000000000002,-1.5,0.9484968436157497
1.3,-1.5,0.9660561843259468
1.4000000000000001,-1.5,0.9789393295827657
1.5,-1.5,0.9873848714040776
1.6,-1.5,0.9923050427736683
1.7000000000000002,-1.5,0.9947878908523571
1.8,-1.5,0.9957733643055158
1.9000000000000001,-1.5,0.9959347598926347
-2.0,-1.4000000000000001,0.9999999999991561
-1.9000000000000001,-1.4000000000000001,0.9999999999941797
-1.8,-1.4000000000000001,0.9999999999619902
-1.7000000000000002,-1.4000000000000001,0.9999999997673306
-1.6,-1.4000000000000001,0.9999999986708985
-1.5,-1.4000000000000001,0.9999999929291659
-1.4000000000000001,-1.4000000000000001,0.9999999650034805
-1.3,-1.4000000000000001,0.9999998389550049
-1.2000000000000002,-1.4000000000000001,0.9999993112894148
-1.1,-1.4000000000000001,0.9999972639807702
-1.0,-1.4000000000000001,0.9999899068582795
-0.9,-1.4000000000000001,0.9999654390010803
-0.8,-1.4000000000000001,0.9998901970055493
-0.7000000000000001,-1.4000000000000001,0.9996764812237678
-0.6000000000000001,-1.4000000000000001,0.9991165547550035
-0.5,-1.4000000000000001,0.9977659499844737
-0.4,-1.4000000000000001,0.9947747391114399
-0.30000000000000004,-1.4000000000000001,0.9887163956108899
-0.2,-1.4000000000000001,0.9775580193843008
-0.1,-1.4000000000000001,0.9590048094708534
0.0,-1.4000000000000001,0.9313852645479336
0.1,-1.4000000000000001,0.8948603195208288
0.2,-1.4000000000000001,0.8522145234498649
0.30000000000000004,-1.4000000000000001,0.8084821509139587
0.4,-1.4000000000000001,0.7695046986414013
0.5,-1.4000000000000001,0.7403624482346752
0.6000000000000001,-1.4000000000000001,0.7244963281618451
0.7000000000000001,-1.4000000000000001,0.7235621537914857
0.8,-1.4000000000000001,0.7375664327562217
0.9,-1.4000000000000001,0.7649025789839854
1.0,-1.4000000000000001,0.8022661384365273
1.1,-1.4000000000000001,0.8447838768782643
1.2000000000000002,-1.4000000000000001,0.8867823444492495
1.3,-1.4000000000000001,0.9232127036787596
1.4000000000000001,-1.4000000000000001,0.9510488613025319
1.5,-1.4000000000000001,0.9697777139327195
1.6,-1.4000000000000001,0.9807847299369699
1.7000000000000002,-1.4000000000000001,0.9862434580506739
1.8,-1.4000000000000001,0.988218830512153
1.9000000000000001,-1.4000000000000001,0.9882579405186246
-2.0,-1.3,0.9999999999980537
-1.9000000000000001,-1.3,0.9999999999867061
-1.8,-1.3,0.9999999999135816
-1.7000000000000002,-1.3,0.9999999994722415
-1.6,-1.3,0.9999999969892891
-1.5,-1.3,0.9999999839977977
-1.4000000000000001,-1.3,0.9999999208586698
-1.3,-1.3,0.9999996360741706
-1.2000000000000002,-1.3,0.9999984448218167
-1.1,-1.3,0.9999938267262403
-1.0,-1.3,0.9999772469166899
-0.9,-1.3,0.9999221658153075
-0.8,-1.3,0.9997529984328034
-0.7000000000000001,-1.3,0.9992732772868396
-0.6000000000000001,-1.3,0.9980193707186917
-0.5,-1.3,0.9950064942567756
-0.4,-1.3,0.9883801974743558
-0.30000000000000004,-1.3,0.9751302050027029
-0.2,-1.3,0.9512728239541272
-0.1,-1.3,0.913054001757219
0.0,-1.3,0.8592272613894314
0.1,-1.3,0.7931075486546334
0.2,-1.3,0.7223410213190188
0.30000000000000004,-1.3,0.6560661784620383
0.4,-1.3,0.6017350989295267
0.5,-1.3,0.5637769342783038
0.6000000000000001,-1.3,0.5441084162926572
0.7000000000000001,-1.3,0.5432554306630705
0.8,-1.3,0.5611133045063766
0.9,-1.3,0.5969807592428296
1.0,-1.3,0.6488788988689864
1.1,-1.3,0.7125099681940944
1.2000000000000002,-1.3,0.7807387418044968
1.3,-1.3,0.8447310732708297
1.4000000000000001,-1.3,0.8968444834636713
1.5,-1.3,0.933400305128807
1.6,-1.3,0.955171851722718
1.7000000000000002,-1.3,0.96563162455687
1.8,-1.3,0.9687667644262015
1.9000000000000001,-1.3,0.9677953563050982
-2.0,-1.2000000000000002,0.9999999999948459
-1.9000000000000001,-1.2000000000000002,0.9999999999653721
-1.8,-1.2000000000000002,0.9999999997769226
-1.7000000000000002,-1.2000000000000002,0.9999999986455248
-1.6,-1.2000000000000002,0.9999999923081287
-1.5,-1.2000000000000002,0.9999999592891893
-1.4000000000000001,-1.2000000000000002,0.9999997995307635
-1.3,-1.2000000000000002,0.9999990824728634
-1.2000000000000002,-1.2000000000000002,0.999996099349112
-1.1,-1.2000000000000002,0.9999846051837716
-1.0,-1.2000000000000002,0.9999436202957274
-0.9,-1.2000000000000002,0.9998085011446551
-0.8,-1.2000000000000002,0.9993971002407274
-0.7000000000000001,-1.2000000000000002,0.9982421426557399
-0.6000000000000001,-1.2000000000000002,0.9952603457858422
-0.5,-1.2000000000000002,0.9882131303590079
-0.4,-1.2000000000000002,0.9730854348793055
-0.30000000000000004,-1.2000000000000002,0.9439561162295089
-0.2,-1.2000000000000002,0.8944941321460955
-0.1,-1.2000000000000002,0.8217906445968581
0.0,-1.2000000000000002,0.730477922765233
0.1,-1.2000000000000002,0.6325042587685129
0.2,-1.2000000000000002,0.5414408862147065
0.30000000000000004,-1.2000000000000002,0.4666303701344783
0.4,-1.2000000000000002,0.41173684257367654
0.5,-1.2000000000000002,0.3767064229870618
0.6000000000000001,-1.2000000000000002,0.36022769814598415
0.7000000000000001,-1.2000000000000002,0.3612958499911912
0.8,-1.2000000000000002,0.3798371342751665
0.9,-1.2000000000000002,0.416624861399208
1.0,-1.2000000000000002,0.47248533204150533
1.1,-1.2000000000000002,0.5466128842593853
1.2000000000000002,-1.2000000000000002,0.6342252036834269
1.3,-1.2000000000000002,0.7251668723446862
1.4000000000000001,-1.2000000000000002,0.806103957608458
1.5,-1.2000000000000002,0.8664091280882599
1.6,-1.2000000000000002,0.9029261655231554
1.7000000000000002,-1.2000000000000002,0.9193835463671585
1.8,-1.2000000000000002,0.9223145968650853
1.9000000000000001,-1.2000000000000002,0.9176649990792223
-2.0,-1.1,0.9999999999843946
-1.9000000000000001,-1.1,0.9999999998980181
-1.8,-1.1,0.9999999993539145
-1.7000000000000002,-1.1,0.999999996123677
-1.6,-1.1,0.9999999782115946
-1.5,-1.1,0.9999998858341849
-1.4000000000000001,-1.1,0.9999994437318553
-1.3,-1.1,0.9999974829959261
-1.2000000000000002,-1.1,0.9999894327130943
-1.1,-1.1,0.999958861612523
-1.0,-1.1,0.999851578770861
-0.9,-1.1,0.9995040284795915
-0.8,-1.1,0.9984661626051099
-0.7000000000000001,-1.1,0.995616236010084
-0.6000000000000001,-1.1,0.9884532613323443
-0.5,-1.1,0.9721166794075168
-0.4,-1.1,0.9388110246558711
-0.30000000000000004,-1.1,0.8794595434845882
-0.2,-1.1,0.7894102660016501
-0.1,-1.1,0.6753820499860126
0.0,-1.1,0.5549880490935102
0.1,-1.1,0.44663442026472
0.2,-1.1,0.3605243774529081
0.30000000000000004,-1.1,0.29818239762097376
0.4,-1.1,0.25667452196331764
0.5,-1.1,0.2322602941946633
0.6000000000000001,-1.1,0.222141493560377
0.7000000000000001,-1.1,0.22500136146247607
0.8,-1.1,0.24107408495374247
0.9,-1.1,0.272046136616332
1.0,-1.1,0.320677029580518
1.1,-1.1,0.3896240386996931
1.2000000000000002,-1.1,0.4787435017145955
1.3,-1.1,0.5811198834268883
1.4000000000000001,-1.1,0.6812820806333808
1.5,-1.1,0.7608023067569281
1.6,-1.1,0.8089723619142187
1.7000000000000002,-1.1,0.8274527750720114
1.8,-1.1,0.8252704561234676
1.9000000000000001,-1.1,0.8119155002923417
-2.0,-1.0,0.9999999999471976
-1.9000000000000001,-1.0,0.9999999996709803
-1.8,-1.0,0.9999999979807873
-1.7000000000000002,-1.0,0.9999999881791602
-1.6,-1.0,0.9999999350049188
-1.5,-1.0,0.9999996667920664
-1.4000000000000001,-1.0,0.9999984128081312
-1.3,-1.0,0.9999929879830969
-1.2000000000000002,-1.0,0.9999712973043626
-1.1,-1.0,0.9998912070354711
-1.0,-1.0,0.9996183437629322
-0.9,-1.0,0.9987615176766308
-0.8,-1.0,0.9962865476481173
-0.7000000000000001,-1.0,0.9897369759570025
-0.6000000000000001,-1.0,0.9739907343875646
-0.5,-1.0,0.9401406334835635
-0.4,-1.0,0.8767344342286969
-0.30000000000000004,-1.0,0.7766270156497542
-0.2,-1.0,0.6471265127675802
-0.1,-1.0,0.5106042160395209
0.0,-1.0,0.39023957006738996
0.1,-1.0,0.297307965154444
0.2,-1.0,0.23156372957817511
0.30000000000000004,-1.0,0.18774279857063003
0.4,-1.0,0.16026613955772878
0.5,-1.0,0.14499680642199805
0.6000000000000001,-1.0,0.13948463895811591
0.7000000000000001,-1.0,0.14279416536038092
0.8,-1.0,0.1553634511931329
0.9,-1.0,0.17898476772727662
1.0,-1.0,0.21677223515623642
1.1,-1.0,0.2726465338906969
1.2000000000000002,-1.0,0.34932421225629956
1.3,-1.0,0.4437772521492666
1.4000000000000001,-1.0,0.5421468084524472
1.5,-1.0,0.6221580072129661
1.6,-1.0,0.6670850449172799
1.7000000000000002,-1.0,0.6767206398372401
1.8,-1.0,0.6625656839410065
1.9000000000000001,-1.0,0.6371754530157223
-2.0,-0.9,0.9999999998156456
-1.9000000000000001,-0.9,0.9999999989419532
-1.8,-0.9,0.9999999938831517
-1.7000000000000002,-0.9,0.9999999658585629
-1.6,-0.9,0.9999998200707612
-1.5,-0.9,0.999999114105624
-1.4000000000000001,-0.9,0.9999959449367575
-1.3,-0.9,0.9999827818711448
-1.2000000000000002,-0.9,0.9999322471643541
-1.1,-0.9,0.9997530284346745
-1.0,-0.9,0.9991662639555191
-0.9,-0.9,0.9973949507510821
-0.8,-0.9,0.9924790217007095
-0.7000000000000001,-0.9,0.980020396758877
-0.6000000000000001,-0.9,0.9515879578422024
-0.5,-0.9,0.8946082403097497
-0.4,-0.9,0.797936381013175
-0.30000000000000004,-0.9,0.6642436281270405
-0.2,-0.9,0.5161985637950537
-0.1,-0.9,0.38243987140741276
0.0,-0.9,0.27886639773845656
0.1,-0.9,0.20617962118474842
0.2,-0.9,0.15795728593641445
0.30000000000000004,-0.9,0.12713666041820196
0.4,-0.9,0.10838210837373699
0.5,-0.9,0.09829311873866896
0.6000000000000001,-0.9,0.09502947992676435
0.7000000000000001,-0.9,0.09797114975385826
0.8,-0.9,0.10756260980422676
0.9,-0.9,0.1253300413898309
1.0,-0.9,0.15395115410762383
1.1,-0.9,0.19699403452979197
1.2000000000000002,-0.9,0.2573524136409033
1.3,-0.9,0.33298193427705297
1.4000000000000001,-0.9,0.4111524514087159
1.5,-0.9,0.4700850560737295
1.6,-0.9,0.49435949751558106
1.7000000000000002,-0.9,0.4867542998416019
1.8,-0.9,0.46092792588686105
1.9000000000000001,-0.9,0.4292724898143518
-2.0,-0.8,0.9999999994482436
-1.9000000000000001,-0.8,0.9999999972044777
-1.8,-0.8,0.9999999852701186
-1.7000000000000002,-0.8,0.9999999233869566
-1.6,-0.8,0.9999996188121512
-1.5,-0.8,0.9999982143720746
-1.4000000000000001,-0.8,0.9999921836469523
-1.3,-0.8,0.9999681356855566
-1.2000000000000002,-0.8,0.9998792068127178
-1.1,-0.8,0.999574484820414
-1.0,-0.8,0.998607885901669
-0.9,-0.8,0.9957749946252661
-0.8,-0.8,0.9881383565640998
-0.7000000000000001,-0.8,0.9693913173964631
-0.6000000000000001,-0.8,0.92830378201046
-0.5,-0.8,0.8505516131293521
-0.4,-0.8,0.7289395586660911
-0.30000000000000004,-0.8,0.5773018191906064
-0.2,-0.8,0.4270648841059977
-0.1,-0.8,0.3041715503107059
0.0,-0.8,0.21594813946340766
0.1,-0.8,0.1571317772126625
0.2,-0.8,0.1193615281804385
0.30000000000000004,-0.8,0.09570784469965901
0.4,-0.8,0.08151323164069055
0.5,-0.8,0.07398468972724082
0.6000000000000001,-0.8,0.07166404822845458
0.7000000000000001,-0.8,0.07407737229271202
0.8,-0.8,0.08158503095062387
0.9,-0.8,0.09537982029704459
1.0,-0.8,0.11750298154506439
1.1,-0.8,0.15050038104670868
1.2000000000000002,-0.8,0.19580022547687045
1.3,-0.8,0.2497339462279027
1.4000000000000001,-0.8,0.29944849172931504
1.5,-0.8,0.3277721903954544
1.6,-0.8,0.32796479660244904
1.7000000000000002,-0.8,0.30814353980757947
1.8,-0.8,0.280515642305965
1.9000000000000001,-0.8,0.25312740914071274
-2.0,-0.7000000000000001,0.9999999987942636
-1.9000000000000001,-0.7000000000000001,0.9999999946958323
-1.8,-0.7000000000000001,0.9999999748468155
-1.7000000000000002,-0.7000000000000001,0.9999998783223988
-1.6,-0.7000000000000001,0.9999994244043895
-1.5,-0.7000000000000001,0.999997402033499
-1.4000000000000001,-0.7000000000000001,0.9999889522714765
-1.3,-0.7000000000000001,0.9999560109206113
-1.2000000000000002,-0.7000000000000001,0.9998364967509361
-1.1,-0.7000000000000001,0.9994336211886407
-1.0,-0.7000000000000001,0.9981738474269448
-0.9,-0.7000000000000001,0.9945297405903838
-0.8,-0.7000000000000001,0.984835336014759
-0.7000000000000001,-0.7000000000000001,0.9614117402626595
-0.6000000000000001,-0.7000000000000001,0.9112338542194145
-0.5,-0.7000000000000001,0.8195805692626223
-0.4,-0.7000000000000001,0.6834278390629166
-0.30000000000000004,-0.7000000000000001,0.5242176035278155
-0.2,-0.7000000000000001,0.3765077814110144
-0.1,-0.7000000000000001,0.2622126509448612
0.0,-0.7000000000000001,0.18341139699596418
0.1,-0.7000000000000001,0.132255427114546
0.2,-0.7000000000000001,0.09994399208110938
0.30000000000000004,-0.7000000000000001,0.0799104787296976
0.4,-0.7000000000000001,0.06795828276648974
0.5,-0.7000000000000001,0.06163563968492849
0.6000000000000001,-0.7000000000000001,0.059673737154877365
0.7000000000000001,-0.7000000000000001,0.06164214010283488
0.8,-0.7000000000000001,0.06778776263006514
0.9,-0.7000000000000001,0.07897438102847756
1.0,-0.7000000000000001,0.09655219301807184
1.1,-0.7000000000000001,0.12173543878283442
1.2000000000000002,-0.7000000000000001,0.15372061913421076
1.3,-0.7000000000000001,0.18654986390249112
1.4000000000000001,-0.7000000000000001,0.20888465410579043
1.5,-0.7000000000000001,0.21223794415765423
1.6,-0.7000000000000001,0.1990557738619133
1.7000000000000002,-0.7000000000000001,0.17822509859710972
1.8,-0.7000000000000001,0.15688160122867284
1.9000000000000001,-0.7000000000000001,0.13828396988971894
-2.0,-0.6000000000000001,0.9999999978850534
-1.9000000000000001,-0.6000000000000001,0.9999999918618394
-1.8,-0.6000000000000001,0.9999999654886496
-1.7000000000000002,-0.6000000000000001,0.9999998453849258
-1.6,-0.6000000000000001,0.9999993027071965
-1.5,-0.6000000000000001,0.9999969434150574
-1.4000000000000001,-0.6000000000000001,0.9999872401116547
-1.3,-0.6000000000000001,0.9999498174260053
-1.2000000000000002,-0.6000000000000001,0.999815102499033
-1.1,-0.6000000000000001,0.9993636961893977
-1.0,-0.6000000000000001,0.9979589940995779
-0.9,-0.6000000000000001,0.9939130749474755
-0.8,-0.6000000000000001,0.9831981858783108
-0.7000000000000001,-0.6000000000000001,0.9574644288531516
-0.6000000000000001,-0.6000000000000001,0.9028679074434497
-0.5,-0.6000000000000001,0.8047203603940584
-0.4,-0.6000000000000001,0.6623214663099919
-0.30000000000000004,-0.6000000000000001,0.5005754277259116
-0.2,-0.6000000000000001,0.3548004115385933
-0.1,-0.6000000000000001,0.24466388136494313
0.0,-0.6000000000000001,0.1700107399477888
0.1,-0.6000000000000001,0.12207953057495075
0.2,-0.6000000000000001,0.09200702841029922
0.30000000000000004,-0.6000000000000001,0.07342827228121053
0.4,-0.6000000000000001,0.06235052919726848
0.5,-0.6000000000000001,0.05645761121236027
0.6000000000000001,-0.6000000000000001,0.054538383553617786
0.7000000000000001,-0.6000000000000001,0.056134262498424445
0.8,-0.6000000000000001,0.06134148217773126
0.9,-0.6000000000000001,0.0706489311974965
1.0,-0.6000000000000001,0.08458660748489133
1.1,-0.6000000000000001,0.10278000302668995
1.2000000000000002,-0.6000000000000001,0.12220558247931916
1.3,-0.6000000000000001,0.13632672854865452
1.4000000000000001,-0.6000000000000001,0.13885731186530761
1.5,-0.6000000000000001,0.1298089467873197
1.6,-0.6000000000000001,0.11470684689481726
1.7000000000000002,-0.6000000000000001,0.09890733427652737
1.8,-0.6000000000000001,0.08507814209239395
1.9000000000000001,-0.6000000000000001,0.07390763174840914
-2.0,-0.5,0.9999999965066165
-1.9000000000000001,-0.5,0.999999988066349
-1.8,-0.5,0.9999999552787107
-1.7000000000000002,-0.5,0.999999818640374
-1.6,-0.5,0.9999992349386433
-1.5,-0.5,0.9999967793302499
-1.4000000000000001,-0.5,0.9999868688628294
-1.3,-0.5,0.9999490662167198
-1.2000000000000002,-0.5,0.999813885422307
-1.1,-0.5,0.9993628066716007
-1.0,-0.5,0.9979629549874283
-0.9,-0.5,0.9939384156405692
-0.8,-0.5,0.9832931434042587
-0.7000000000000001,-0.5,0.9577439104350229
-0.6000000000000001,-0.5,0.903540835274135
-0.5,-0.5,0.8060194610485617
-0.4,-0.5,0.6642659393472659
-0.30000000000000004,-0.5,0.5028207646851417
-0.2,-0.5,0.3568917675613738
-0.1,-0.5,0.24635497591036065
0.0,-0.5,0.17128118136844664
0.1,-0.5,0.12300636046304783
0.2,-0.5,0.09267536437955276
0.30000000000000004,-0.5,0.07389858454653632
0.4,-0.5,0.06265022276984986
0.5,-0.5,0.05657377151043771
0.6000000000000001,-0.5,0.0543965377092916
0.7000000000000001,-0.5,0.055542852435584655
0.8,-0.5,0.059860484725319955
0.9,-0.5,0.06730370095398942
1.0,-0.5,0.07734692025236489
1.1,-0.5,0.08802714651962336
1.2000000000000002,-0.5,0.09543750182696074
1.3,-0.5,0.09565632271843048
1.4000000000000001,-0.5,0.08835653396886771
1.5,-0.5,0.07693845271604176
1.6,-0.5,0.0650872596799515
1.7000000000000002,-0.5,0.05475620546304222
1.8,-0.5,0.04645082436438895
1.9000000000000001,-0.5,0.040020683060224736
-2.0,-0.4,0.9999999942502363
-1.9000000000000001,-0.4,0.9999999820885327
-1.8,-0.4,0.9999999404770484
-1.7000000000000002,-0.4,0.9999997862477741
-1.6,-0.4,0.9999991824943227
-1.5,-0.4,0.9999967820682235
-1.4000000000000001,-0.4,0.9999874182892632
-1.3,-0.4,0.9999524076665035
-1.2000000000000002,-0.4,0.9998286769932935
-1.1,-0.4,0.9994186991182064
-1.0,-0.4,0.9981517116661809
-0.9,-0.4,0.9945172314210216
-0.8,-0.4,0.9849066799076709
-0.7000000000000001,-0.4,0.9617832430457817
-0.6000000000000001,-0.4,0.9123637965591093
-0.5,-0.4,0.8220932855671772
-0.4,-0.4,0.687603766987986
-0.30000000000000004,-0.4,0.5294582187718379
-0.2,-0.4,0.3817099227880034
-0.1,-0.4,0.2666086427593611
0.0,-0.4,0.18679936518553603
0.1,-0.4,0.1347449751983215
0.2,-0.4,0.1017111633509789
0.30000000000000004,-0.4,0.08108377380686135
0.4,-0.4,0.06857416721770708
0.5,-0.4,0.061598594212711535
0.6000000000000001,-0.4,0.058670182737090876
0.7000000000000001,-0.4,0.05894086016281542
0.8,-0.4,0.06180602797442542
0.9,-0.4,0.06643330819374668
1.0,-0.4,0.07120039607708468
1.1,-0.4,0.07354673730016202
1.2000000000000002,-0.4,0.0712017316118878
1.3,-0.4,0.0641799247870494
1.4000000000000001,-0.4,0.05476023316356325
1.5,-0.4,0.045388832514248946
1.6,-0.4,0.037364168094391775
1.7000000000000002,-0.4,0.030983623839347055
1.8,-0.4,0.026080871066097387
1.9000000000000001,-0.4,0.0223705446557929
-2.0,-0.30000000000000004,0.999999990594933
-1.9000000000000001,-0.30000000000000004,0.9999999724059763
-1.8,-0.30000000000000004,0.999999916517104
-1.7000000000000002,-0.30000000000000004,0.9999997338937562
-1.6,-0.30000000000000004,0.9999990981248544
-1.5,-0.30000000000000004,0.9999967888504003
-1.4000000000000001,-0.30000000000000004,0.99998831626054
-1.3,-0.30000000000000004,0.9999578432294643
-1.2000000000000002,-0.30000000000000004,0.999852690601085
-1.1,-0.30000000000000004,0.9995093282921458
-1.0,-0.30000000000000004,0.9984575763758683
-0.9,-0.30000000000000004,0.9954553467593052
-0.8,-0.30000000000000004,0.9875272620027753
-0.7000000000000001,-0.30000000000000004,0.968384170852055
-0.6000000000000001,-0.30000000000000004,0.9269861623731338
-0.5,-0.30000000000000004,0.849445857984798
-0.4,-0.30000000000000004,0.7289404190677327
-0.30000000000000004,-0.30000000000000004,0.578946117687542
-0.2,-0.30000000000000004,0.4299371147884952
-0.1,-0.30000000000000004,0.30735850365472894
0.0,-0.30000000000000004,0.2187525633232198
0.1,-0.30000000000000004,0.15923903325359937
0.2,-0.30000000000000004,0.12066976384906013
0.30000000000000004,-0.30000000000000004,0.09614231047766128
0.4,-0.30000000000000004,0.08088986575819446
0.5,-0.30000000000000004,0.07187009682020475
0.6000000000000001,-0.30000000000000004,0.06714825822312165
0.7000000000000001,-0.30000000000000004,0.06534697773888863
0.8,-0.30000000000000004,0.06516109184248729
0.9,-0.30000000000000004,0.06498772460326722
1.0,-0.30000000000000004,0.06299705606180762
1.1,-0.30000000000000004,0.05799247865740415
1.2000000000000002,-0.30000000000000004,0.05037726960578404
1.3,-0.30000000000000004,0.04180348607777137
1.4000000000000001,-0.30000000000000004,0.033837195880831186
1.5,-0.30000000000000004,0.027231730111353648
1.6,-0.30000000000000004,0.022075853932621785
1.7000000000000002,-0.30000000000000004,0.018162859481722787
1.8,-0.30000000000000004,0.015225403462318014
1.9000000000000001,-0.30000000000000004,0.013028523680776456
-2.0,-0.2,0.9999999849447602
-1.9000000000000001,-0.2,0.9999999572792829
-1.8,-0.2,0.9999998781807647
-1.7000000000000002,-0.2,0.9999996451484188
-1.6,-0.2,0.9999989269734127
-1.5,-0.2,0.9999966072761616
-1.4000000000000001,-0.2,0.999988871755443
-1.3,-0.2,0.9999629048048363
-1.2000000000000002,-0.2,0.9998773682588198
-1.1,-0.2,0.9996063660033869
-1.0,-0.2,0.9987920693873812
-0.9,-0.2,0.9964946498776127
-0.8,-0.2,0.9904613586867177
-0.7000000000000001,-0.2,0.975873026470493
-0.6000000000000001,-0.2,0.9439470586494437
-0.5,-0.2,0.8824139882346276
-0.4,-0.2,0.7817571105708372
-0.30000000000000004,-0.2,0.6469132485928824
-0.2,-0.2,0.5010692213438025
-0.1,-0.2,0.37100558227279884
0.0,-0.2,0.2706083671506601
0.1,-0.2,0.19980042485069044
0.2,-0.2,0.15219433554686285
0.30000000000000004,-0.2,0.120891054135518
0.4,-0.2,0.1005198156876359
0.5,-0.2,0.08731103153512872
0.6000000000000001,-0.2,0.07858960225577105
0.7000000000000001,-0.2,0.07225361311023157
0.8,-0.2,0.06647755882351072
0.9,-0.2,0.05983463907733484
1.0,-0.2,0.05178949478103764
1.1,-0.2,0.042932102756054774
1.2000000000000002,-0.2,0.034409670930532585
1.3,-0.2,0.027095780330997788
1.4000000000000001,-0.2,0.02128332439601417
1.5,-0.2,0.016859238548286665
1.6,-0.2,0.013557831418775123
1.7000000000000002,-0.2,0.011109167765846742
1.8,-0.2,0.009292249525835043
1.9000000000000001,-0.2,0.007941513103650122
-2.0,-0.1,0.9999999767149713
-1.9000000000000001,-0.1,0.9999999350101851
-1.8,-0.1,0.9999998204177949
-1.7000000000000002,-0.1,0.9999995043074519
-1.6,-0.1,0.9999986173415463
-1.5,-0.1,0.9999960583225324
-1.4000000000000001,-0.1,0.9999884478276381
-1.3,-0.1,0.999965330728028
-1.2000000000000002,-0.1,0.9998948916508346
-1.1,-0.1,0.9996839566739937
-1.0,-0.1,0.9990743371833947
-0.9,-0.1,0.9973981261008014
-0.8,-0.1,0.9930637232120818
-0.7000000000000001,-0.1,0.9826426856222383
-0.6000000000000001,-0.1,0.9596863161291953
-0.5,-0.1,0.9143400909751924
-0.4,-0.1,0.8363825259488319
-0.30000000000000004,-0.1,0.7235127315601779
-0.2,-0.1,0.5888512875780944
-0.1,-0.1,0.4558595737585324
0.0,-0.1,0.34348569134339324
0.1,-0.1,0.2582650259371545
0.2,-0.1,0.19753273328930873
0.30000000000000004,-0.1,0.15536344508305897
0.4,-0.1,0.1260053204730273
0.5,-0.1,0.1049009217770718
0.6000000000000001,-0.1,0.08866748796023552
0.7000000000000001,-0.1,0.07492561529501651
0.8,-0.1,0.06229471526785823
0.9,-0.1,0.05041711035263485
1.0,-0.1,0.03966966096614691
1.1,-0.1,0.030573974998941003
1.2000000000000002,-0.1,0.023351926552937153
1.3,-0.1,0.017873859574054816
1.4000000000000001,-0.1,0.013825276344956663
1.5,-0.1,0.010864939335540932
1.6,-0.1,0.008702299774666052
1.7000000000000002,-0.1,0.00711580730870753
1.8,-0.1,0.0059452747733218635
1.9000000000000001,-0.1,0.005077662268388175
-2.0,0.0,0.9999999654774504
-1.9000000000000001,0.0,0.9999999043655221
-1.8,0.0,0.9999997396144613
-1.7000000000000002,0.0,0.9999993003787043
-1.6,0.0,0.9999981340158194
-1.5,0.0,0.9999950233464804
-1.4000000000000001,0.0,0.9999866319443174
-1.3,0.0,0.9999636806407133
-1.2000000000000002,0.0,0.9999003373591157
-1.1,0.0,0.9997259286945092
-1.0,0.0,0.9992539463098008
-0.9,0.0,0.9980174878739921
-0.8,0.0,0.9949248120521692
-0.7000000000000001,0.0,0.9876332196929649
-0.6000000000000001,0.0,0.971650764173488
-0.5,0.0,0.9396504809619948
-0.4,0.0,0.8824820959563531
-0.30000000000000004,0.0,0.7938594666381092
-0.2,0.0,0.6775103398722342
-0.1,0.0,0.5492012766265119
0.0,0.0,0.4284141216607943
0.1,0.0,0.3277475941540355
0.2,0.0,0.25009559730715475
0.30000000000000004,0.0,0.19229044203646828
0.4,0.0,0.149303924140845
0.5,0.0,0.11655984887381057
0.6000000000000001,0.0,0.09074106422924982
0.7000000000000001,0.0,0.06985787900684924
0.8,0.0,0.05294057530914848
0.9,0.0,0.03953756664843316
1.0,0.0,0.02927258150105327
1.1,0.0,0.021659481334326217
1.2000000000000002,0.0,0.01613974779526135
1.3,0.0,0.012183766464507745
1.4000000000000001,0.0,0.009354965530080412
1.5,0.0,0.007323948952532551
1.6,0.0,0.005854633679752773
1.7000000000000002,0.0,0.0047822835995491595
1.8,0.0,0.003993236573705736
1.9000000000000001,0.0,0.003409247150736381
-2.0,0.1,0.9999999511425478
-1.9000000000000001,0.1,0.9999998650836063
-1.8,0.1,0.9999996349858785
-1.7000000000000002,0.1,0.9999990308909879
-1.6,0.1,0.9999974687398197
-1.5,0.1,0.9999934733433716
-1.4000000000000001,0.1,0.9999833196895793
-1.3,0.1,0.9999575805826696
-1.2000000000000002,0.1,0.9998924045376254
-1.1,0.1,0.9997279549579707
-1.0,0.1,0.9993172359155222
-0.9,0.1,0.9983117600546282
-0.8,0.1,0.9959264042850793
-0.7000000000000001,0.1,0.990508331211759
-0.6000000000000001,0.1,0.9788770008279694
-0.5,0.1,0.9556317188545587
-0.4,0.1,0.9131989229842379
-0.30000000000000004,0.1,0.8440686226551621
-0.2,0.1,0.7459063276969693
-0.1,0.1,0.6263265633443238
0.0,0.1,0.5011942059415889
0.1,0.1,0.3863002104389143
0.2,0.1,0.29048803549421653
0.30000000000000004,0.1,0.2152278808671581
0.4,0.1,0.15790666407723317
0.5,0.1,0.11485700731350598
0.6000000000000001,0.1,0.08282292443507983
0.7000000000000001,0.1,0.05927022315958913
0.8,0.1,0.04222907032812689
0.9,0.1,0.030105299314555523
1.0,0.1,0.021595433369970603
1.1,0.1,0.01566691015888885
1.2000000000000002,0.1,0.011541114824804808
1.3,0.1,0.008657243213275365
1.4000000000000001,0.1,0.006624757325579414
1.5,0.1,0.005177225330542549
1.6,0.1,0.004134621942228715
1.7000000000000002,0.1,0.003375505776619267
1.8,0.1,0.002817666782782954
1.9000000000000001,0.1,0.0024051043726501637
-2.0,0.2,0.999999934133379
-1.9000000000000001,0.2,0.9999998183438606
-1.8,0.2,0.9999995097829121
-1.7000000000000002,0.2,0.9999987047772888
-1.6,0.2,0.9999966462508499
-1.5,0.2,0.9999914781135354
-1.4000000000000001,0.2,0.9999787130781231
-1.3,0.2,0.9999476288610268
-1.2000000000000002,0.2,0.9998728850723012
-1.1,0.2,0.9996953662016739
-1.0,0.2,0.9992796532129355
-0.9,0.2,0.9983236562000324
-0.8,0.2,0.996178237491418
-0.7000000000000001,0.2,0.9915178374930457
-0.6000000000000001,0.2,0.9818158366507472
-0.5,0.2,0.9626972286412752
-0.4,0.2,0.9275975478954757
-0.30000000000000004,0.2,0.868767722377002
-0.2,0.2,0.7808296536933557
-0.1,0.2,0.6660788905810926
0.0,0.2,0.5367994658213286
0.1,0.2,0.4103318020148889
0.2,0.2,0.3005671547942314
0.30000000000000004,0.2,0.2135299085468092
0.4,0.2,0.14869613714535088
0.5,0.2,0.1023538502013339
0.6000000000000001,0.2,0.07011110770827567
0.7000000000000001,0.2,0.048067583476416736
0.8,0.2,0.03315393262342415
0.9,0.2,0.0231091127726245
1.0,0.2,0.01633791526561503
1.1,0.2,0.011748922931494382
1.2000000000000002,0.2,0.008611115787259753
1.3,0.2,0.006441168240780168
1.4000000000000001,0.2,0.004921349861182576
1.5,0.2,0.0038427608687892265
1.6,0.2,0.0030674291577158026
1.7000000000000002,0.2,0.002503539691486981
1.8,0.2,0.0020894285785597417
1.9000000000000001,0.2,0.0017832809134643963
-2.0,0.30000000000000004,0.9999999154914597
-1.9000000000000001,0.30000000000000004,0.9999997670418357
-1.8,0.30000000000000004,0.9999993719454049
-1.7000000000000002,0.30000000000000004,0.9999983436515856
-1.6,0.30000000000000004,0.9999957254865462
-1.5,0.30000000000000004,0.9999892002578945
-1.4000000000000001,0.30000000000000004,0.9999732694237371
-1.3,0.30000000000000004,0.9999351379194453
-1.2000000000000002,0.30000000000000004,0.9998455930477143
-1.1,0.30000000000000004,0.99963922644616
-1.0,0.30000000000000004,0.999172698775798
-0.9,0.30000000000000004,0.9981397740352375
-0.8,0.30000000000000004,0.9959066134174598
-0.7000000000000001,0.30000000000000004,0.9912140070242853
-0.6000000000000001,0.30000000000000004,0.9816942492385167
-0.5,0.30000000000000004,0.9632285141606461
-0.4,0.30000000000000004,0.9294517795471642
-0.30000000000000004,0.30000000000000004,0.8723108269529376
-0.2,0.30000000000000004,0.7851051639502242
-0.1,0.30000000000000004,0.6681942122942854
0.0,0.30000000000000004,0.5332263627522358
0.1,0.30000000000000004,0.3995643674044987
0.2,0.30000000000000004,0.2842321276157129
0.30000000000000004,0.30000000000000004,0.1949643026151823
0.4,0.30000000000000004,0.1309450218342696
0.5,0.30000000000000004,0.08719587813948579
0.6000000000000001,0.30000000000000004,0.058104107702377325
0.7000000000000001,0.30000000000000004,0.03900476166747254
0.8,0.30000000000000004,0.026502916387619094
0.9,0.30000000000000004,0.018289545546596352
1.0,0.30000000000000004,0.012849226339759712
1.1,0.30000000000000004,0.0092050369656451
1.2000000000000002,0.30000000000000004,0.006731677342842465
1.3,0.30000000000000004,0.005028961512441867
1.4000000000000001,0.30000000000000004,0.0038395910196292677
1.5,0.30000000000000004,0.0029968373517470777
1.6,0.30000000000000004,0.0023915855507984003
1.7000000000000002,0.30000000000000004,0.0019516302498752195
1.8,0.30000000000000004,0.001628640446190339
1.9000000000000001,0.30000000000000004,0.001389907645082717
-2.0,0.4,0.9999998968513092
-1.9000000000000001,0.4,0.9999997157066335
-1.8,0.4,0.9999992338110603
-1.7000000000000002,0.4,0.9999979806948862
-1.6,0.4,0.9999947950887066
-1.5,0.4,0.9999868767896989
-1.4000000000000001,0.4,0.9999676276651706
-1.3,0.4,0.9999218514589314
-1.2000000000000002,0.4,0.999815336965723
-1.1,0.4,0.9995728232721418
-1.0,0.4,0.9990326982017391
-0.9,0.4,0.9978569661948411
-0.8,0.4,0.9953599374532377
-0.7000000000000001,0.4,0.9902016193854037
-0.6000000000000001,0.4,0.9798898288117561
-0.5,0.4,0.9601083844652483
-0.4,0.4,0.9241771783758763
-0.30000000000000004,0.4,0.8636127011497079
-0.2,0.4,0.7714283968659043
-0.1,0.4,0.6485204690335352
0.0,0.4,0.508358607900083
0.1,0.4,0.3724344755016751
0.2,0.4,0.2584447399005852
0.30000000000000004,0.4,0.17303841709521864
0.4,0.4,0.11375587232713905
0.5,0.4,0.07443398831334941
0.6000000000000001,0.4,0.04893945725476849
0.7000000000000001,0.4,0.03253614535035827
0.8,0.4,0.02196142486029675
0.9,0.4,0.015089786716453842
1.0,0.4,0.010572303522697892
1.1,0.4,0.007561252596492421
1.2000000000000002,0.4,0.005524064326482097
1.3,0.4,0.004124365738681157
1.4000000000000001,0.4,0.0031478240911346177
1.5,0.4,0.0024563752378333405
1.6,0.4,0.001960007444159945
1.7000000000000002,0.4,0.0015992990995711898
1.8,0.4,0.0013345350325552438
1.9000000000000001,0.4,0.001138862240012966
-2.0,0.5,0.999999880247262
-1.9000000000000001,0.5,0.9999996699626181
-1.8,0.5,0.9999991106329201
-1.7000000000000002,0.5,0.9999976565872575
-1.6,0.5,0.9999939621643726
-1.5,0.5,0.9999847875277288
-1.4000000000000001,0.5,0.9999625172689246
-1.3,0.5,0.999909675817049
-1.2000000000000002,0.5,0.9997871182929369
-1.1,0.5,0.9995092879731539
-1.0,0.5,0.9988938831318963
-0.9,0.5,0.9975628763961539
-0.8,0.5,0.9947559591519721
-0.7000000000000001,0.5,0.9889993532840352
-0.6000000000000001,0.5,0.97757261132645
-0.5,0.5,0.9558018630578587
-0.4,0.5,0.9165410864695137
-0.30000000000000004,0.5,0.8509571822451112
-0.2,0.5,0.7524174635966708
-0.1,0.5,0.6234967994000172
0.0,0.5,0.48014063083946645
0.1,0.5,0.34514802541672557
0.2,0.5,0.2352744598893417
0.30000000000000004,0.5,0.15515374263899087
0.4,0.5,0.1007830188948493
0.5,0.5,0.0653558637958256
0.6000000000000001,0.5,0.04269451696382998
0.7000000000000001,0.5,0.028258000241039652
0.8,0.5,0.019016885318408488
0.9,0.5,0.013041281531493103
1.0,0.5,0.009125863201035046
1.1,0.5,0.006521790544655416
1.2000000000000002,0.5,0.004762419905552204
1.3,0.5,0.0035546751246778234
1.4000000000000001,0.5,0.0027125261648707046
1.5,0.5,0.00211644545524505
1.6,0.5,0.0016886359578616394
1.7000000000000002,0.5,0.001377794798447053
1.8,0.5,0.0011496567389352366
1.9000000000000001,0.5,0.0009810640402450217
-2.0,0.6000000000000001,0.9999998677670972
-1.9000000000000001,0.6000000000000001,0.9999996355742922
-1.8,0.6000000000000001,0.9999990180026566
-1.7000000000000002,0.6000000000000001,0.9999974127037654
-1.6,0.6000000000000001,0.9999933346865124
-1.5,0.6000000000000001,0.9999832104568197
-1.4000000000000001,0.6000000000000001,0.9999586470451896
-1.3,0.6000000000000001,0.9999004076094389
-1.2000000000000002,0.6000000000000001,0.999765474369263
-1.1,0.6000000000000001,0.9994600328091793
-1.0,0.6000000000000001,0.9987847260373073
-0.9,0.6000000000000001,0.9973274517085545
-0.8,0.6000000000000001,0.9942622419089281
-0.7000000000000001,0.6000000000000001,0.9879942824833807
-0.6000000000000001,0.6000000000000001,0.9755940464078178
-0.5,0.6000000000000001,0.9520658135170152
-0.4,0.6000000000000001,0.9098772448124995
-0.30000000000000004,0.6000000000000001,0.8400059464120991
-0.2,0.6000000000000001,0.7363780052641647
-0.1,0.6000000000000001,0.6032375326821998
0.0,0.6000000000000001,0.4584567064688043
0.1,0.6000000000000001,0.3253144208477478
0.2,0.6000000000000001,0.2192889679519111
0.30000000000000004,0.6000000000000001,0.14335238160086314
0.4,0.6000000000000001,0.09252120036717135
0.5,0.6000000000000001,0.059727298465276336
0.6000000000000001,0.6000000000000001,0.03889672418423877
0.7000000000000001,0.6000000000000001,0.025690873695021155
0.8,0.6000000000000001,0.01726563888022055
0.9,0.6000000000000001,0.011829852315756267
1.0,0.6000000000000001,0.008273471909444394
1.1,0.6000000000000001,0.005910514825101322
1.2000000000000002,0.6000000000000001,0.0043150677656637595
1.3,0.6000000000000001,0.0032203031640517022
1.4000000000000001,0.6000000000000001,0.002457138474874149
1.5,0.6000000000000001,0.0019170580979058305
1.6,0.6000000000000001,0.0015294854215336857
1.7000000000000002,0.6000000000000001,0.0012479021820542867
1.8,0.6000000000000001,0.0010412490463999943
1.9000000000000001,0.6000000000000001,0.000888539601754214
-2.0,0.7000000000000001,0.9999998611274087
-1.9000000000000001,0.7000000000000001,0.9999996172779508
-1.8,0.7000000000000001,0.999998968712703
-1.7000000000000002,0.7000000000000001,0.9999972828996896
-1.6,0.7000000000000001,0.999993000578202
-1.5,0.7000000000000001,0.9999823701146051
-1.4000000000000001,0.7000000000000001,0.9999565823368274
-1.3,0.7000000000000001,0.9998954540017639
-1.2000000000000002,0.7000000000000001,0.9997538748176097
-1.1,0.7000000000000001,0.9994335360645309
-1.0,0.7000000000000001,0.9987257158420817
-0.9,0.7000000000000001,0.9971994164612689
-0.8,0.7000000000000001,0.993991920252995
-0.7000000000000001,0.7000000000000001,0.9874402368216689
-0.6000000000000001,0.7000000000000001,0.9744971101452381
-0.5,0.7000000000000001,0.9499880777925257
-0.4,0.7000000000000001,0.9061763718373025
-0.30000000000000004,0.7000000000000001,0.8339707159325994
-0.2,0.7000000000000001,0.727672030041165
-0.1,0.7000000000000001,0.5924822769129872
0.0,0.7000000000000001,0.44724563607198814
0.1,0.7000000000000001,0.31533161143096483
0.2,0.7000000000000001,0.21143399667670862
0.30000000000000004,0.7000000000000001,0.13766625252553624
0.4,0.7000000000000001,0.08860020991473294
0.5,0.7000000000000001,0.05708556544955954
0.6000000000000001,0.7000000000000001,0.037128245951664036
0.7000000000000001,0.7000000000000001,0.024501899669983663
0.8,0.7000000000000001,0.01645743394583879
0.9,0.7000000000000001,0.011272051740764557
1.0,0.7000000000000001,0.007881547402095507
1.1,0.7000000000000001,0.005629696158217997
1.2000000000000002,0.7000000000000001,0.004109661023249015
1.3,0.7000000000000001,0.0030668195513537696
1.4000000000000001,0.7000000000000001,0.00233993185213558
1.5,0.7000000000000001,0.0018255624423635392
1.6,0.7000000000000001,0.0014564591097968537
1.7000000000000002,0.7000000000000001,0.0011883037783391509
1.8,0.7000000000000001,0.000991510209485126
1.9000000000000001,0.7000000000000001,0.0008460892272738341
-2.0,0.8,0.9999998612882425
-1.9000000000000001,0.8,0.999999617721847
-1.8,0.8,0.9999989699123807
-1.7000000000000002,0.8,0.9999972860783911
-1.6,0.8,0.999993008850863
-1.5,0.8,0.9999823913166975
-1.4000000000000001,0.8,0.9999566360189653
-1.3,0.8,0.9998955887093427
-1.2000000000000002,0.8,0.9997542105926016
-1.1,0.8,0.9994343675602663
-1.0,0.8,0.9987277555991289
-0.9,0.8,0.9972043431924813
-0.8,0.8,0.9940035334572842
-0.7000000000000001,0.8,0.98746665633955
-0.6000000000000001,0.8,0.9745543361780661
-0.5,0.8,0.9501040821574395
-0.4,0.8,0.9063914223546283
-0.30000000000000004,0.8,0.8343243314861211
-0.2,0.8,0.7281697455182726
-0.1,0.8,0.5930638207590758
0.0,0.8,0.44780400542422155
0.1,0.8,0.31578081290532056
0.2,0.8,0.21174988539096867
0.30000000000000004,0.8,0.13787021885438058
0.4,0.8,0.08872647698301943
0.5,0.8,0.0571629605566883
0.6000000000000001,0.8,0.0371762183773792
0.7000000000000001,0.8,0.024532329056189236
0.8,0.8,0.016477289212410397
0.9,0.8,0.011285392424791504
1.0,0.8,0.007890767552117393
1.1,0.8,0.0056362397955263925
1.2000000000000002,0.8,0.004114422547697006
1.3,0.8,0.0030703678742333897
1.4000000000000001,0.8,0.00234263791475872
1.5,0.8,0.0018276735781264236
1.6,0.8,0.0014581436191808612
1.7000000000000002,0.8,0.0011896783757898
1.8,0.8,0.0009926573418542128
1.9000000000000001,0.8,0.0008470682420648166
-2.0,0.9,0.99999986822631
-1.9000000000000001,0.9,0.9999996368427566
-1.8,0.9,0.9999990214365377
-1.7000000000000002,0.9,0.999997421831112
-1.6,0.9,0.999993358575094
-1.5,0.9,0.9999832722588115
-1.4000000000000001,0.9,0.9999588058047227
-1.3,0.9,0.9999008142356501
-1.2000000000000002,0.9,0.9997665150405061
-1.1,0.9,0.9994626906588038
-1.0,0.9,0.9987914635198591
-0.9,0.9,0.9973442528942087
-0.8,0.9,0.9943029994881949
-0.7000000000000001,0.9,0.9880892756456907
-0.6000000000000001,0.9,0.97580382100121
-0.5,0.9,0.9524974082729528
-0.4,0.9,0.9106863708467706
-0.30000000000000004,0.9,0.8413479808422936
-0.2,0.9,0.7382796930504766
-0.1,0.9,0.6054692243678463
0.0,0.9,0.4605997194531644
0.1,0.9,0.3270273334009136
0.2,0.9,0.22047634739905797
0.30000000000000004,0.9,0.14410256775967484
0.4,0.9,0.0929732586121053
0.5,0.9,0.05999648450898673
0.6000000000000001,0.9,0.03905905552714811
0.7000000000000001,0.9,0.025791472837556905
0.8,0.9,0.017330125570266745
0.9,0.9,0.01187265216598559
1.0,0.9,0.008302823078627085
1.1,0.9,0.005931251067094143
1.2000000000000002,0.9,0.004330119309634964
1.3,0.9,0.003231505597262478
1.4000000000000001,0.9,0.002465676742066083
1.5,0.9,0.0019237175236507397
1.6,0.9,0.0015347985650522227
1.7000000000000002,0.9,0.0012522377002729642
1.8,0.9,0.0010448671254815543
1.9000000000000001,0.9,0.0008916274546206003
-2.0,1.0,0.99999988094092
-1.9000000000000001,1.0,0.9999996718831898
-1.8,1.0,0.9999991158566574
-1.7000000000000002,1.0,0.9999976705955377
-1.6,1.0,0.9999939994012105
-1.5,1.0,0.9999848863145175
-1.4000000000000001,1.0,0.9999627806280007
-1.3,1.0,0.9999103845035753
-1.2000000000000002,1.0,0.9997890420646276
-1.1,1.0,0.9995145206815351
-1.0,1.0,0.998907981655867
-0.9,1.0,0.9975999937173048
-0.8,1.0,0.9948501606175184
-0.7000000000000001,1.0,0.9892269065074593
-0.6000000000000001,1.0,0.9780891275142418
-0.5,1.0,0.956887151934156
-0.4,1.0,0.9186102260682609
-0.30000000000000004,1.0,0.8544404684193739
-0.2,1.0,0.7574248435887114
-0.1,1.0,0.6294516894492683
0.0,1.0,0.4859084752649368
0.1,1.0,0.34975264571155606
0.2,1.0,0.23841805724187776
0.30000000000000004,1.0,0.15707987383468372
0.4,1.0,0.1018931804488488
0.5,1.0,0.06598217305822313
0.6000000000000001,1.0,0.04305124964171541
0.7000000000000001,1.0,0.0284676310101977
0.8,1.0,0.019145512496472145
0.9,1.0,0.013123957818407582
1.0,1.0,0.009181374240291222
1.1,1.0,0.006560512975032518
1.2000000000000002,1.0,0.0047903296044375316
1.3,1.0,0.0035753724406241937
1.4000000000000001,1.0,0.00272827396098789
1.5,1.0,0.002128718575801451
1.6,1.0,0.001698424941412615
1.7000000000000002,1.0,0.0013857817840772554
1.8,1.0,0.0011563219078243657
1.9000000000000001,1.0,0.0009867524813325715
-2.0,1.1,0.9999998976908143
-1.9000000000000001,1.1,0.9999997180444903
-1.8,1.1,0.9999992402428569
-1.7000000000000002,1.1,0.9999979983089445
-1.6,1.1,0.9999948435968837
-1.5,1.1,0.9999870125753465
-1.4000000000000001,1.1,0.9999680167363622
-1.3,1.1,0.9999229913287524
-1.2000000000000002,1.1,0.999818716123586
-1.1,1.1,0.9995827945476036
-1.0,1.1,0.9990614764980397
-0.9,1.1,0.9979369667424622
-0.8,1.1,0.9955715251057997
-0.7000000000000001,1.1,0.9907286403724306
-0.6000000000000001,1.1,0.981113849529506
-0.5,1.1,0.9627272923648986
-0.4,1.1,0.9292521724991294
-0.30000000000000004,1.1,0.8723065207719309
-0.2,1.1,0.7841909275133024
-0.1,1.1,0.6640754140923472
0.0,1.1,0.523796983494184
0.1,1.1,0.38497392501416955
0.2,1.1,0.2670311313886504
0.30000000000000004,1.1,0.17821516966534032
0.4,1.1,0.11663015904629684
0.5,1.1,0.07596443180337252
0.6000000000000001,1.1,0.04974904802471697
0.7000000000000001,1.1,0.032974689606526095
0.8,1.1,0.022210394598786293
0.9,1.1,0.015239856867908616
1.0,1.1,0.010668501560584716
1.1,1.1,0.007626399665665909
1.2000000000000002,1.1,0.005570226578736949
1.3,1.1,0.004158292709267296
1.4000000000000001,1.1,0.0031735250799125006
1.5,1.1,0.002476365895027866
1.6,1.1,0.001975938876166927
1.7000000000000002,1.1,0.0016122939280372828
1.8,1.1,0.0013453783520155592
1.9000000000000001,1.1,0.0011481165122946759
-2.0,1.2000000000000002,0.9999999163848451
-1.9000000000000001,1.2000000000000002,0.9999997695636611
-1.8,1.2000000000000002,0.999999379066338
-1.7000000000000002,1.2000000000000002,0.9999983640593396
-1.6,1.2000000000000002,0.9999957857762795
-1.5,1.2000000000000002,0.9999893856269509
-1.4000000000000001,1.2000000000000002,0.99997386060536
-1.3,1.2000000000000002,0.9999370615781747
-1.2000000000000002,1.2000000000000002,0.9998518357165525
-1.1,1.2000000000000002,0.9996590012076256
-1.0,1.2000000000000002,0.99923283438171
-0.9,1.2000000000000002,0.9983132949167562
-0.8,1.2000000000000002,0.9963777820113392
-0.7000000000000001,1.2000000000000002,0.9924098867318746
-0.6000000000000001,1.2000000000000002,0.9845113735562638
-0.5,1.2000000000000002,0.9693290830988914
-0.4,1.2000000000000002,0.9414223793299237
-0.30000000000000004,1.2000000000000002,0.8931462387036028
-0.2,1.2000000000000002,0.8163841483843212
-0.1,1.2000000000000002,0.7075033887136218
0.0,1.2000000000000002,0.5737186475478329
0.1,1.2000000000000002,0.43371490594932705
0.2,1.2000000000000002,0.30832538011502725
0.30000000000000004,1.2000000000000002,0.20970413068201574
0.4,1.2000000000000002,0.13907912851686652
0.5,1.2000000000000002,0.09139585466711883
0.6000000000000001,1.2000000000000002,0.06020200664079335
0.7000000000000001,1.2000000000000002,0.040051666633161176
0.8,1.2000000000000002,0.02704175231927123
0.9,1.2000000000000002,0.018583751105581095
1.0,1.2000000000000002,0.013022622843021331
1.1,1.2000000000000002,0.009315568270240568
1.2000000000000002,1.2000000000000002,0.006807097875533816
1.3,1.2000000000000002,0.005083246025329627
1.4000000000000001,1.2000000000000002,0.0038802842771262546
1.5,1.2000000000000002,0.0030283360807794608
1.6,1.2000000000000002,0.0024166364829311987
1.7000000000000002,1.2000000000000002,0.001972047330848242
1.8,1.2000000000000002,0.0016456726781005832
1.9000000000000001,1.2000000000000002,0.0014044430543328967
-2.0,1.3,0.9999999350059462
-1.9000000000000001,1.3,0.9999998208818448
-1.8,1.3,0.9999995173482539
-1.7000000000000002,1.3,0.999998728383018
-1.6,1.3,0.9999967242812713
-1.5,1.3,0.9999917494296189
-1.4000000000000001,1.3,0.9999796817341572
-1.3,1.3,0.9999510772909762
-1.2000000000000002,1.3,0.9998848281394205
-1.1,1.3,0.9997349216223885
-1.0,1.3,0.9994035806060837
-0.9,1.3,0.9986884324355597
-0.8,1.3,0.9971821794908754
-0.7000000000000001,1.3,0.9940902220578235
-0.6000000000000001,1.3,0.9879190348885016
-0.5,1.3,0.9759955693754225
-0.4,1.3,0.9538658505764935
-0.30000000000000004,1.3,0.9149180503144447
-0.2,1.3,0.8511905774553483
-0.1,1.3,0.7568008772738192
0.0,1.3,0.6338965150368182
0.1,1.3,0.49630499889029517
0.2,1.3,0.36446648654077096
0.30000000000000004,1.3,0.2544950910568986
0.4,1.3,0.1720695883650222
0.5,1.3,0.11458088735287532
0.6000000000000001,1.3,0.07613695616951878
0.7000000000000001,1.3,0.05094210326975374
0.8,1.3,0.03452188266097399
0.9,1.3,0.02378146380842441
1.0,1.3,0.01669138966589115
1.1,1.3,0.011952621570573052
1.2000000000000002,1.3,0.008740317572027612
1.3,1.3,0.0065301096791071395
1.4000000000000001,1.3,0.004986460450506561
1.5,1.3,0.0038925912885889066
1.6,1.3,0.0031068630908253755
1.7000000000000002,1.3,0.002535615550976863
1.8,1.3,0.002116167890128258
1.9000000000000001,1.3,0.0018060958656265012
-2.0,1.4000000000000001,0.9999999519514254
-1.9000000000000001,1.4000000000000001,0.9999998675821589
-1.8,1.4000000000000001,0.9999996431868833
-1.7000000000000002,1.4000000000000001,0.9999990599231952
-1.6,1.4000000000000001,0.9999975783362129
-1.5,1.4000000000000001,0.9999939005345109
-1.4000000000000001,1.4000000000000001,0.9999849791051314
-1.3,1.4000000000000001,0.9999638321327899
-1.2000000000000002,1.4000000000000001,0.9999148536022577
-1.1,1.4000000000000001,0.9998040202655093
-1.0,1.4000000000000001,0.9995590126543068
-0.9,1.4000000000000001,0.9990300574324054
-0.8,1.4000000000000001,0.9979153204503561
-0.7000000000000001,1.4000000000000001,0.9956242990937744
-0.6000000000000001,1.4000000000000001,0.99104060897587
-0.5,1.4000000000000001,0.9821423320294057
-0.4,1.4000000000000001,0.9654788907757011
-0.30000000000000004,1.4000000000000001,0.9356740010305574
-0.2,1.4000000000000001,0.8855482127808825
-0.1,1.4000000000000001,0.8080366963262636
0.0,1.4000000000000001,0.7007880401322746
0.1,1.4000000000000001,0.5713357998911439
0.2,1.4000000000000001,0.43685231547376774
0.30000000000000004,1.4000000000000001,0.3158960418733728
0.4,1.4000000000000001,0.2194376121847231
0.5,1.4000000000000001,0.14897072766651956
0.6000000000000001,1.4000000000000001,0.10029539672422103
0.7000000000000001,1.4000000000000001,0.06769190783230589
0.8,1.4000000000000001,0.04613515778789377
0.9,1.4000000000000001,0.03190100969080637
1.0,1.4000000000000001,0.02244587769474988
1.1,1.4000000000000001,0.01610013166545597
1.2000000000000002,1.4000000000000001,0.011786468283581186
1.3,1.4000000000000001,0.00881281331971109
1.4000000000000001,1.4000000000000001,0.00673321413549324
1.5,1.4000000000000001,0.0052581882920170984
1.6,1.4000000000000001,0.004197972993755026
1.7000000000000002,1.4000000000000001,0.00342679669234208
1.8,1.4000000000000001,0.0028603504389508485
1.9000000000000001,1.4000000000000001,0.0024415036719337966
-2.0,1.5,0.999999966216422
-1.9000000000000001,1.5,0.9999999068952903
-1.8,1.5,0.9999997491200311
-1.7000000000000002,1.5,0.9999993390195895
-1.6,1.5,0.9999982972954772
-1.5,1.5,0.9999957113787385
-1.4000000000000001,1.5,0.9999894385664222
-1.3,1.5,0.9999745696293173
-1.2000000000000002,1.5,0.999940130947634
-1.1,1.5,0.9998621960841317
-1.0,1.5,0.9996898954689719
-0.9,1.5,0.9993178243448898
-0.8,1.5,0.9985333270074247
-0.7000000000000001,1.5,0.9969193859372532
-0.6000000000000001,1.5,0.9936837351911534
-0.5,1.5,0.987377119315922
-0.4,1.5,0.9754764217600544
-0.30000000000000004,1.5,0.9538909871016368
-0.2,1.5,0.9166968876110712
-0.1,1.5,0.8568709875105676
0.0,1.5,0.7691097096494413
0.1,1.5,0.6546496871853369
0.2,1.5,0.5245529769063569
0.30000000000000004,1.5,0.39640691268697975
0.4,1.5,0.28562892605491574
0.5,1.5,0.1993344853880287
0.6000000000000001,1.5,0.13684929405087426
0.7000000000000001,1.5,0.09359926171398479
0.8,1.5,0.06436177265661183
0.9,1.5,0.0447680691416036
1.0,1.5,0.03162384958195267
1.1,1.5,0.022743738675105308
1.2000000000000002,1.5,0.01668024893304912
1.3,1.5,0.012487524462721772
1.4000000000000001,1.5,0.009549141213765594
1.5,1.5,0.007461872590212244
1.6,1.5,0.005959987789914422
1.7000000000000002,1.5,0.004866707659342964
1.8,1.5,0.0040632159200234145
1.9000000000000001,1.5,0.003468843931467917
-2.0,1.6,0.9999999774082936
-1.9000000000000001,1.6,0.9999999377391495
-1.8,1.6,0.9999998322318914
-1.7000000000000002,1.6,0.9999995579900263
-1.6,1.6,0.999998861369219
-1.5,1.6,0.999997132115236
-1.4000000000000001,1.6,0.9999929373485018
-1.3,1.6,0.9999829940955548
-1.2000000000000002,1.6,0.9999599636587413
-1.1,1.6,0.9999078437551635
-1.0,1.6,0.9997926060353587
-0.9,1.6,0.9995437133546186
-0.8,1.6,0.9990187317560701
-0.7000000000000001,1.6,0.9979378316314232
-0.6000000000000001,1.6,0.9957673397760314
-0.5,1.6,0.991523398513916
-0.4,1.6,0.983466304807435
-0.30000000000000004,1.6,0.9686877505906846
-0.2,1.6,0.9427127180234074
-0.1,1.6,0.899522744066615
0.0,1.6,0.8328111572255675
0.1,1.6,0.7392227971336721
0.2,1.6,0.62261981276202
0.30000000000000004,1.6,0.49548335960235285
0.4,1.6,0.37418205414813704
0.5,1.6,0.2712940400047396
0.6000000000000001,1.6,0.1916511292125857
0.7000000000000001,1.6,0.13376553917765785
0.8,1.6,0.0932724658047118
0.9,1.6,0.06549353852439521
1.0,1.6,0.04656078315807309
1.1,1.6,0.03363198919239878
1.2000000000000002,1.6,0.02473917202187936
1.3,1.6,0.01855900002495359
1.4000000000000001,1.6,0.014212526664678456
1.5,1.6,0.011117368320442713
1.6,1.6,0.008886312713927659
1.7000000000000002,1.6,0.007260157958378344
1.8,1.6,0.006063916330961226
1.9000000000000001,1.6,0.005178401259492478
-2.0,1.7000000000000002,0.9999999856315248
-1.9000000000000001,1.7000000000000002,0.9999999604016856
-1.8,1.7000000000000002,0.9999998932983646
-1.7000000000000002,1.7000000000000002,0.9999997188786824
-1.6,1.7000000000000002,0.9999992758229778
-1.5,1.7000000000000002,0.9999981760043815
-1.4000000000000001,1.7000000000000002,0.9999955080952979
-1.3,1.7000000000000002,0.9999891840651306
-1.2000000000000002,1.7000000000000002,0.9999745362505759
-1.1,1.7000000000000002,0.9999413860514582
-1.0,1.7000000000000002,0.9998680861060595
-0.9,1.7000000000000002,0.9997097504639609
-0.8,1.7000000000000002,0.9993756839049057
-0.7000000000000001,1.7000000000000002,0.9986874620428233
-0.6000000000000001,1.7000000000000002,0.9973038461970353
-0.5,1.7000000000000002,0.994592139737607
-0.4,1.7000000000000002,0.9894207930048858
-0.30000000000000004,1.7000000000000002,0.9798556071884592
-0.2,1.7000000000000002,0.9627889777731119
-0.1,1.7000000000000002,0.9336699052942253
0.0,1.7000000000000002,0.8867765007839095
0.1,1.7000000000000002,0.8167496309715072
0.2,1.7000000000000002,0.7217641411633817
0.30000000000000004,1.7000000000000002,0.6069427618051311
0.4,1.7000000000000002,0.4845622194919095
0.5,1.7000000000000002,0.3692301824840119
0.6000000000000001,1.7000000000000002,0.2715503855296732
0.7000000000000001,1.7000000000000002,0.19536474833066142
0.8,1.7000000000000002,0.13922153196575324
0.9,1.7000000000000002,0.09925581777343588
1.0,1.7000000000000002,0.0713078586723962
1.1,1.7000000000000002,0.0518813262109206
1.2000000000000002,1.7000000000000002,0.03835462034515108
1.3,1.7000000000000002,0.028873829830299777
1.4000000000000001,1.7000000000000002,0.02216620769964042
1.5,1.7000000000000002,0.017369442126679218
1.6,1.7000000000000002,0.013901345709587662
1.7000000000000002,1.7000000000000002,0.011367989019639431
1.8,1.7000000000000002,0.009501386268911591
1.9000000000000001,1.7000000000000002,0.008117996574728387
-2.0,1.8,0.9999999913085831
-1.9000000000000001,1.8,0.9999999760471827
-1.8,1.8,0.9999999354567262
-1.7000000000000002,1.8,0.9999998299511405
-1.6,1.8,0.9999995619489145
-1.5,1.8,0.9999988966736262
-1.4000000000000001,1.8,0.9999972828651013
-1.3,1.8,0.9999934574686071
-1.2000000000000002,1.8,0.9999845969538301
-1.1,1.8,0.999964543902552
-1.0,1.8,0.9999202018042225
-0.9,1.8,0.9998244094103138
-0.8,1.8,0.9996222612246712
-0.7000000000000001,1.8,0.9992056405860557
-0.6000000000000001,1.8,0.9983673712360315
-0.5,1.8,0.9967218086881353
-0.4,1.8,0.9935738313072063
-0.30000000000000004,1.8,0.9877169979947502
-0.2,1.8,0.9771553761025138
-0.1,1.8,0.9587974565696507
0.0,1.8,0.9283043696721814
0.1,1.8,0.8805006634187698
0.2,1.8,0.8109093682608773
0.30000000000000004,1.8,0.7185296507929998
0.4,1.8,0.608480575855546
0.5,1.8,0.49179570185742183
0.6000000000000001,1.8,0.38129148305558175
0.7000000000000001,1.8,0.2864230965490006
0.8,1.8,0.2109730398348159
0.9,1.8,0.15409729762786017
1.0,1.8,0.11263837396053353
1.1,1.8,0.08295789949016032
1.2000000000000002,1.8,0.061857405151435826
1.3,1.8,0.046850050995705106
1.4000000000000001,1.8,0.036121738673398844
1.5,1.8,0.0283926862707912
1.6,1.8,0.022774629233581027
1.7000000000000002,1.8,0.01865481207488839
1.8,1.8,0.015610619078114417
1.9000000000000001,1.8,0.013349721333952597
-2.0,1.9000000000000001,0.9999999949997844
-1.9000000000000001,1.9000000000000001,0.9999999862198242
-1.8,1.9000000000000001,0.9999999628679307
-1.7000000000000002,1.9000000000000001,0.9999999021700332
-1.6,1.9000000000000001,0.9999997479869718
-1.5,1.9000000000000001,0.9999993652505195
-1.4000000000000001,1.9000000000000001,0.9999984368168942
-1.3,1.9000000000000001,0.9999962360384969
-1.2000000000000002,1.9000000000000001,0.9999911384925039
-1.1,1.9000000000000001,0.9999796016225811
-1.0,1.9000000000000001,0.9999540901428345
-0.9,1.9000000000000001,0.9998989743214899
-0.8,1.9000000000000001,0.9997826501245305
-0.7000000000000001,1.9000000000000001,0.9995428468293431
-0.6000000000000001,1.9000000000000001,0.999060088798048
-0.5,1.9000000000000001,0.9981114107832871
-0.4,1.9000000000000001,0.9962928756574132
-0.30000000000000004,1.9000000000000001,0.9928964717264024
-0.2,1.9000000000000001,0.9867286146265273
-0.1,1.9000000000000001,0.9758737979309662
0.0,1.9000000000000001,0.9574577868624354
0.1,1.9000000000000001,0.9275758524971521
0.2,1.9000000000000001,0.8817163445583176
0.30000000000000004,1.9000000000000001,0.81608349580972
0.4,1.9000000000000001,0.7298348427014957
0.5,1.9000000000000001,0.6271559036773597
0.6000000000000001,1.9000000000000001,0.517189423101059
0.7000000000000001,1.9000000000000001,0.4109679900626452
0.8,1.9000000000000001,0.31729840260230685
0.9,1.9000000000000001,0.24049543946793497
1.0,1.9000000000000001,0.18075877039657942
1.1,1.9000000000000001,0.1358769829778674
1.2000000000000002,1.9000000000000001,0.10282566639921387
1.3,1.9000000000000001,0.07871286072926954
1.4000000000000001,1.9000000000000001,0.06115635336792933
1.5,1.9000000000000001,0.04833922958282238
1.6,1.9000000000000001,0.03893250256069458
1.7000000000000002,1.9000000000000001,0.03198547496324733
1.8,1.9000000000000001,0.026825376797727993
1.9000000000000001,1.9000000000000001,0.022978151162179633
